{
  "main_id": "* alf Lyr",
  "ra": 279.234734787025,
  "dec": 38.783688956244,
  "otype": "dS*",
  "sp_type": "A0V",
  "plx_value": 130.23,
  "pmra": 200.94,
  "pmdec": 286.23,
  "rvz_radvel": -13.5,
  "rvz_redshift": -4.503013899492814e-05,
  "flux": {
    "V": 0.029999999329447746
  },
  "ids": [
    "* alf Lyr",
    "NAME Vega",
    "HD 172167",
    "HR 7001",
    "HIP 91262"
  ]
}